circ_id,circ_type,gene_id,gene_name,gene_type
"10:127626685|127648818","exon","ENSMUSG00000069456,ENSMUSG00000056148,ENSMUSG00000099009","Rdh16,Rdh9,Rdh16f1","protein_coding,protein_coding,protein_coding"
"10:127660345|127724353","intron","ENSMUSG00000069456,ENSMUSG00000054031,ENSMUSG00000054052,ENSMUSG00000074639","Rdh16,Rdh18-ps,Rdh19,Rdh16f2","protein_coding,transcribed_unprocessed_pseudogene,protein_coding,protein_coding"
"10:127920173|127920321","exon","ENSMUSG00000025393","Atp5b","protein_coding"
"10:22161590|22183197","exon","ENSMUSG00000075297,ENSMUSG00000097352,ENSMUSG00000053219","H60b,C920009B18Rik,Raet1e","protein_coding,transcribed_unprocessed_pseudogene,protein_coding"
"10:24793811|24796599","exon","ENSMUSG00000019987","Arg1","protein_coding"
"10:24796550|24798581","exon","ENSMUSG00000019987","Arg1","protein_coding"
"10:31410659|31410892","exon","ENSMUSG00000063760","Rnf217","protein_coding"
"10:42691111|42692465","exon","ENSMUSG00000019802","Sec63","protein_coding"
"10:51357663|51367814","exon","ENSMUSG00000112023,ENSMUSG00000112148,ENSMUSG00000062593","Lilr4b,Lilrb4a,Gm49339","protein_coding,protein_coding,protein_coding"
"10:76896203|76907896","exon","ENSMUSG00000001435","Col18a1","protein_coding"
"10:76904224|76907509","exon","ENSMUSG00000001435","Col18a1","protein_coding"
"10:79546100|79547387","antisense","ENSMUSG00000023175","Bsg","protein_coding"
"10:79966114|79966294","exon","ENSMUSG00000003068","Stk11","protein_coding"
"10:81395371|81400551","exon","ENSMUSG00000054452","Tle5","protein_coding"
"10:86183965|86184116","exon","ENSMUSG00000059602","Syn3","protein_coding"
"10:86528250|86529288","exon","ENSMUSG00000084899,ENSMUSG00000020048","Gm15344,Hsp90b1","lncRNA,protein_coding"
"10:89309614|89319386","exon","ENSMUSG00000047638","Nr1h4","protein_coding"
"11:108302821|108303018","exon","ENSMUSG00000000049","Apoh","protein_coding"
"11:116062984|116063163","exon","ENSMUSG00000020777","Acox1","protein_coding"
"11:120007713|120007847","exon","ENSMUSG00000061306","Slc38a10","protein_coding"
"11:120451516|120452083","antisense","ENSMUSG00000025130","P4hb","protein_coding"
"11:120453521|120454117","exon","ENSMUSG00000025130","P4hb","protein_coding"
"11:21509834|21512987","exon","ENSMUSG00000020321","Mdh1","protein_coding"
"11:23599270|23599484","exon","ENSMUSG00000020283","Pex13","protein_coding"
"11:4048371|4053463","exon","ENSMUSG00000003585","Sec14l2","protein_coding"
"11:50186819|50186976","exon","ENSMUSG00000020368","Canx","protein_coding"
"11:58092294|58105996","exon","ENSMUSG00000078853,ENSMUSG00000069874","Igtp,Irgm2","protein_coding,protein_coding"
"11:70026747|70060205","exon","ENSMUSG00000000318,ENSMUSG00000040950","Clec10a,Mgl2","protein_coding,protein_coding"
"11:75304733|75305816","exon","ENSMUSG00000000753","Serpinf1","protein_coding"
"11:78391255|78391411","exon","ENSMUSG00000017344","Vtn","protein_coding"
"11:86521339|86521490","exon","ENSMUSG00000083992,ENSMUSG00000018171","Gm11478,Vmp1","processed_pseudogene,protein_coding"
"12:103695490|103861462","exon","ENSMUSG00000090555,ENSMUSG00000091902,ENSMUSG00000091307,ENSMUSG00000090466,ENSMUSG00000066366,ENSMUSG00000079015,ENSMUSG00000071178,ENSMUSG00000090989,ENSMUSG00000071177","Gm8893,Gm6918,Gm8895,Gm17043,Serpina1a,Serpina1c,Serpina1b,Gm17042,Serpina1d","unprocessed_pseudogene,unprocessed_pseudogene,unprocessed_pseudogene,unprocessed_pseudogene,protein_coding,protein_coding,protein_coding,unprocessed_pseudogene,protein_coding"
"12:103696703|103698304","exon","ENSMUSG00000071178","Serpina1b","protein_coding"
"12:103698220|103698406","exon","ENSMUSG00000071178","Serpina1b","protein_coding"
"12:103698220|103732229","exon","ENSMUSG00000071178,ENSMUSG00000090989,ENSMUSG00000071177","Serpina1b,Gm17042,Serpina1d","protein_coding,unprocessed_pseudogene,protein_coding"
"12:103698220|103786414","exon","ENSMUSG00000071178,ENSMUSG00000090989,ENSMUSG00000090555,ENSMUSG00000071177,ENSMUSG00000090466","Serpina1b,Gm17042,Gm8893,Serpina1d,Gm17043","protein_coding,unprocessed_pseudogene,unprocessed_pseudogene,protein_coding,unprocessed_pseudogene"
"12:103698220|103822233","exon","ENSMUSG00000090555,ENSMUSG00000091902,ENSMUSG00000090466,ENSMUSG00000066366,ENSMUSG00000071178,ENSMUSG00000090989,ENSMUSG00000071177","Gm8893,Gm6918,Gm17043,Serpina1a,Serpina1b,Gm17042,Serpina1d","unprocessed_pseudogene,unprocessed_pseudogene,unprocessed_pseudogene,protein_coding,protein_coding,unprocessed_pseudogene,protein_coding"
"12:103698220|103863570","exon","ENSMUSG00000090555,ENSMUSG00000091902,ENSMUSG00000091307,ENSMUSG00000090466,ENSMUSG00000066366,ENSMUSG00000079015,ENSMUSG00000071178,ENSMUSG00000090989,ENSMUSG00000071177","Gm8893,Gm6918,Gm8895,Gm17043,Serpina1a,Serpina1c,Serpina1b,Gm17042,Serpina1d","unprocessed_pseudogene,unprocessed_pseudogene,unprocessed_pseudogene,unprocessed_pseudogene,protein_coding,protein_coding,protein_coding,unprocessed_pseudogene,protein_coding"
"12:103704356|103735225","intron","ENSMUSG00000071178,ENSMUSG00000090989,ENSMUSG00000071177","Serpina1b,Gm17042,Serpina1d","protein_coding,unprocessed_pseudogene,protein_coding"
"12:103730869|103913468","intron","ENSMUSG00000090555,ENSMUSG00000092040,ENSMUSG00000091902,ENSMUSG00000091307,ENSMUSG00000072849,ENSMUSG00000090466,ENSMUSG00000071177,ENSMUSG00000079015,ENSMUSG00000071178,ENSMUSG00000066366","Gm8893,Gm17198,Gm6918,Gm8895,Serpina1e,Gm17043,Serpina1d,Serpina1c,Serpina1b,Serpina1a","unprocessed_pseudogene,unprocessed_pseudogene,unprocessed_pseudogene,unprocessed_pseudogene,protein_coding,unprocessed_pseudogene,protein_coding,protein_coding,protein_coding,protein_coding"
"12:103730927|103820125","exon","ENSMUSG00000090555,ENSMUSG00000091902,ENSMUSG00000090466,ENSMUSG00000071177,ENSMUSG00000071178,ENSMUSG00000066366","Gm8893,Gm6918,Gm17043,Serpina1d,Serpina1b,Serpina1a","unprocessed_pseudogene,unprocessed_pseudogene,unprocessed_pseudogene,protein_coding,protein_coding,protein_coding"
"12:103730927|103861462","exon","ENSMUSG00000090555,ENSMUSG00000091902,ENSMUSG00000091307,ENSMUSG00000090466,ENSMUSG00000071177,ENSMUSG00000079015,ENSMUSG00000071178,ENSMUSG00000066366","Gm8893,Gm6918,Gm8895,Gm17043,Serpina1d,Serpina1c,Serpina1b,Serpina1a","unprocessed_pseudogene,unprocessed_pseudogene,unprocessed_pseudogene,unprocessed_pseudogene,protein_coding,protein_coding,protein_coding,protein_coding"
"12:103733675|103863570","exon","ENSMUSG00000090555,ENSMUSG00000091902,ENSMUSG00000091307,ENSMUSG00000090466,ENSMUSG00000071177,ENSMUSG00000079015,ENSMUSG00000071178,ENSMUSG00000066366","Gm8893,Gm6918,Gm8895,Gm17043,Serpina1d,Serpina1c,Serpina1b,Serpina1a","unprocessed_pseudogene,unprocessed_pseudogene,unprocessed_pseudogene,unprocessed_pseudogene,protein_coding,protein_coding,protein_coding,protein_coding"
"12:103787875|103863570","exon","ENSMUSG00000090555,ENSMUSG00000091902,ENSMUSG00000091307,ENSMUSG00000079015,ENSMUSG00000071178,ENSMUSG00000066366","Gm8893,Gm6918,Gm8895,Serpina1c,Serpina1b,Serpina1a","unprocessed_pseudogene,unprocessed_pseudogene,unprocessed_pseudogene,protein_coding,protein_coding,protein_coding"
"12:103821963|103861462","exon","ENSMUSG00000091307,ENSMUSG00000079015,ENSMUSG00000066366","Gm8895,Serpina1c,Serpina1a","unprocessed_pseudogene,protein_coding,protein_coding"
"12:104183128|104202577","exon","ENSMUSG00000066363,ENSMUSG00000041481","Serpina3f,Serpina3g","protein_coding,protein_coding"
"12:104183128|104203545","exon","ENSMUSG00000066363,ENSMUSG00000041481","Serpina3f,Serpina3g","protein_coding,protein_coding"
"12:104183128|104214231","exon","ENSMUSG00000066363,ENSMUSG00000041481,ENSMUSG00000041449,ENSMUSG00000118588","Serpina3f,Serpina3g,Serpina3h,AC142112.1","protein_coding,protein_coding,transcribed_unprocessed_pseudogene,unprocessed_pseudogene"
"12:104183128|104229473","exon","ENSMUSG00000041449,ENSMUSG00000079014,ENSMUSG00000041481,ENSMUSG00000066363,ENSMUSG00000118588","Serpina3h,Serpina3i,Serpina3g,Serpina3f,AC142112.1","transcribed_unprocessed_pseudogene,protein_coding,protein_coding,protein_coding,unprocessed_pseudogene"
"12:104183131|104214231","exon","ENSMUSG00000066363,ENSMUSG00000041481,ENSMUSG00000041449,ENSMUSG00000118588","Serpina3f,Serpina3g,Serpina3h,AC142112.1","protein_coding,protein_coding,transcribed_unprocessed_pseudogene,unprocessed_pseudogene"
"12:104183177|104214231","exon","ENSMUSG00000066363,ENSMUSG00000041481,ENSMUSG00000041449,ENSMUSG00000118588","Serpina3f,Serpina3g,Serpina3h,AC142112.1","protein_coding,protein_coding,transcribed_unprocessed_pseudogene,unprocessed_pseudogene"
"12:104186468|104219094","exon","ENSMUSG00000066363,ENSMUSG00000041481,ENSMUSG00000041449,ENSMUSG00000118588","Serpina3f,Serpina3g,Serpina3h,AC142112.1","protein_coding,protein_coding,transcribed_unprocessed_pseudogene,unprocessed_pseudogene"
"12:104186468|104234065","exon","ENSMUSG00000041449,ENSMUSG00000079014,ENSMUSG00000041481,ENSMUSG00000066363,ENSMUSG00000118588","Serpina3h,Serpina3i,Serpina3g,Serpina3f,AC142112.1","transcribed_unprocessed_pseudogene,protein_coding,protein_coding,protein_coding,unprocessed_pseudogene"
"12:104206506|104218004","exon","ENSMUSG00000041481,ENSMUSG00000041449,ENSMUSG00000118588","Serpina3g,Serpina3h,AC142112.1","protein_coding,transcribed_unprocessed_pseudogene,unprocessed_pseudogene"
"12:104206506|104377659","exon","ENSMUSG00000058207,ENSMUSG00000041449,ENSMUSG00000079014,ENSMUSG00000079013,ENSMUSG00000079012,ENSMUSG00000091157,ENSMUSG00000041481,ENSMUSG00000021091,ENSMUSG00000118588","Serpina3k,Serpina3h,Serpina3i,Serpina3j,Serpina3m,Serpina3l-ps,Serpina3g,Serpina3n,AC142112.1","protein_coding,transcribed_unprocessed_pseudogene,protein_coding,protein_coding,protein_coding,unprocessed_pseudogene,protein_coding,protein_coding,unprocessed_pseudogene"
"12:104217731|104375566","exon","ENSMUSG00000058207,ENSMUSG00000041449,ENSMUSG00000079014,ENSMUSG00000079013,ENSMUSG00000079012,ENSMUSG00000091157,ENSMUSG00000021091","Serpina3k,Serpina3h,Serpina3i,Serpina3j,Serpina3m,Serpina3l-ps,Serpina3n","protein_coding,transcribed_unprocessed_pseudogene,protein_coding,protein_coding,protein_coding,unprocessed_pseudogene,protein_coding"
"12:104234703|104310539","exon","ENSMUSG00000079014,ENSMUSG00000058207,ENSMUSG00000079013,ENSMUSG00000079012","Serpina3i,Serpina3k,Serpina3j,Serpina3m","protein_coding,protein_coding,protein_coding,protein_coding"
"12:104234703|104378743","exon","ENSMUSG00000058207,ENSMUSG00000079014,ENSMUSG00000079013,ENSMUSG00000079012,ENSMUSG00000091157,ENSMUSG00000021091","Serpina3k,Serpina3i,Serpina3j,Serpina3m,Serpina3l-ps,Serpina3n","protein_coding,protein_coding,protein_coding,protein_coding,unprocessed_pseudogene,protein_coding"
"12:104307096|104307260","antisense","ENSMUSG00000058207,ENSMUSG00000079012","Serpina3k,Serpina3m","protein_coding,protein_coding"
"12:104309198|104355971","exon","ENSMUSG00000058207,ENSMUSG00000091157,ENSMUSG00000079012","Serpina3k,Serpina3l-ps,Serpina3m","protein_coding,unprocessed_pseudogene,protein_coding"
"12:104309413|104310539","exon","ENSMUSG00000058207,ENSMUSG00000079012","Serpina3k,Serpina3m","protein_coding,protein_coding"
"12:104309439|104311682","antisense","ENSMUSG00000058207,ENSMUSG00000079012","Serpina3k,Serpina3m","protein_coding,protein_coding"
"12:104375308|104375566","exon","ENSMUSG00000021091","Serpina3n","protein_coding"
"12:113107079|113107917","exon","ENSMUSG00000006356","Crip2","protein_coding"
"12:113617299|113760061","exon","ENSMUSG00000103033,ENSMUSG00000103185,ENSMUSG00000103604,ENSMUSG00000103860,ENSMUSG00000102910,ENSMUSG00000104278,ENSMUSG00000095429,ENSMUSG00000103446,ENSMUSG00000095565,ENSMUSG00000095285,ENSMUSG00000102182,ENSMUSG00000095210,ENSMUSG00000096498,ENSMUSG00000103184,ENSMUSG00000096670,ENSMUSG00000076646,ENSMUSG00000103240,ENSMUSG00000095866,ENSMUSG00000103262","Ighv5-12-4,Ighv5-11,Gm38205,Gm37418,Gm37722,Ighv5-10,Ighv5-12,Gm38203,Ighv2-9-1,Ighv5-9,Gm37187,Ighv5-9-1,Ighv2-5,Ighv5-13,Ighv2-6,Ighv2-6-8,Gm37976,Ighv2-4,Ighv5-8","IG_V_gene,IG_V_pseudogene,IG_V_pseudogene,IG_V_pseudogene,IG_V_pseudogene,IG_V_pseudogene,IG_V_gene,IG_V_pseudogene,IG_V_gene,IG_V_gene,IG_pseudogene,IG_V_gene,IG_V_gene,IG_V_pseudogene,IG_V_gene,IG_V_gene,IG_V_pseudogene,IG_V_gene,IG_V_pseudogene"
"12:115876351|115916462","exon","ENSMUSG00000094689,ENSMUSG00000106041,ENSMUSG00000095127,ENSMUSG00000106434,ENSMUSG00000094075","Ighv1-81,Olfr241-ps1,Ighv1-82,Gm42990,Ighv1-80","IG_V_gene,unprocessed_pseudogene,IG_V_gene,IG_V_pseudogene,IG_V_gene"
"12:8035286|8037769","exon","ENSMUSG00000020609","Apob","protein_coding"
"13:100383685|100453183","intron","ENSMUSG00000078942,ENSMUSG00000114576","Naip6,Naip3-ps1","protein_coding,unprocessed_pseudogene"
"13:34169941|34170082","exon","ENSMUSG00000046949","Nqo2","protein_coding"
"13:35143857|35172335","exon","ENSMUSG00000021416,ENSMUSG00000021417,ENSMUSG00000113066","Eci3,Eci2,Gm47217","protein_coding,protein_coding,unprocessed_pseudogene"
"13:4497032|4499033","exon","ENSMUSG00000021210","Akr1c6","protein_coding"
"13:49349100|49349519","antisense","ENSMUSG00000037966","Ninj1","protein_coding"
"13:56694611|56696195","exon","ENSMUSG00000021539","Lect2","protein_coding"
"13:67831522|67859126","exon","ENSMUSG00000048280,ENSMUSG00000071281","Zfp738,Zfp65","protein_coding,protein_coding"
"14:120066841|120073301","antisense","ENSMUSG00000053465","Hs6st3","protein_coding"
"14:21284901|21290639","exon","ENSMUSG00000039197","Adk","protein_coding"
"14:21368081|21368251","exon","ENSMUSG00000039197","Adk","protein_coding"
"14:30643369|30643879","exon","ENSMUSG00000006522","Itih3","protein_coding"
"14:30653118|30654226","exon","ENSMUSG00000006529","Itih1","protein_coding"
"14:31096466|31099384","antisense","ENSMUSG00000021892","Sh3bp5","protein_coding"
"14:40843257|40843429","exon","ENSMUSG00000037798","Mat1a","protein_coding"
"14:52439088|52439639","exon","ENSMUSG00000053754","Chd8","protein_coding"
"14:59514770|59558956","antisense","ENSMUSG00000044703,ENSMUSG00000091649","Phf11a,Phf11b","protein_coding,protein_coding"
"14:59560617|59586837","exon","ENSMUSG00000068245,ENSMUSG00000091649","Phf11d,Phf11b","protein_coding,protein_coding"
"14:59560617|59618933","exon","ENSMUSG00000068245,ENSMUSG00000091144,ENSMUSG00000091649","Phf11d,Phf11c,Phf11b","protein_coding,protein_coding,protein_coding"
"14:73605821|73622557","exon","ENSMUSG00000022108","Itm2b","protein_coding"
"14:75512456|75515625","exon","ENSMUSG00000021999","Cpb2","protein_coding"
"15:74855149|74983529","exon","ENSMUSG00000101132,ENSMUSG00000099452,ENSMUSG00000079018,ENSMUSG00000075602,ENSMUSG00000022586,ENSMUSG00000022584","Gm8000,Gm28502,Ly6c1,Ly6a,Ly6i,Ly6c2","unprocessed_pseudogene,lncRNA,protein_coding,protein_coding,protein_coding,protein_coding"
"15:76582508|76582709","exon","ENSMUSG00000022546","Gpt","protein_coding"
"15:81809987|81810127","exon","ENSMUSG00000022476","Polr3h","protein_coding"
"15:82235180|82238328","exon","ENSMUSG00000022450","Ndufa6","protein_coding"
"15:82336812|82337945","antisense","ENSMUSG00000068086","Cyp2d9","protein_coding"
"15:82523257|82523526","intron","ENSMUSG00000116130","Gm49431","lncRNA"
"15:9084278|9091317","exon","ENSMUSG00000022253","Nadk2","protein_coding"
"15:91691055|91695288","exon","ENSMUSG00000036273","Lrrk2","protein_coding"
"15:96906568|96906833","exon","ENSMUSG00000022464","Slc38a4","protein_coding"
"16:17154747|17155000","exon","ENSMUSG00000022766","Serpind1","protein_coding"
"16:18230660|18232083","antisense","ENSMUSG00000000326","Comt","protein_coding"
"16:22713075|22715359","exon","ENSMUSG00000022868","Ahsg","protein_coding"
"16:22714030|22715344","antisense","ENSMUSG00000022868","Ahsg","protein_coding"
"16:22717613|22718076","antisense","ENSMUSG00000022868","Ahsg","protein_coding"
"16:22717782|22717944","exon","ENSMUSG00000022868","Ahsg","protein_coding"
"16:36154593|36184675","exon","ENSMUSG00000079594,ENSMUSG00000071561","Cstdc6,Cstdc5","protein_coding,protein_coding"
"16:37410095|37413821","exon","ENSMUSG00000022821","Hgd","protein_coding"
"16:38071490|38071876","exon","ENSMUSG00000022809","Nr1i2","protein_coding"
"17:21870723|21899039","intron","ENSMUSG00000117013,ENSMUSG00000035868","Gm30531,Zfp983","transcribed_processed_pseudogene,protein_coding"
"17:21871187|21899039","intron","ENSMUSG00000117013,ENSMUSG00000035868","Gm30531,Zfp983","transcribed_processed_pseudogene,protein_coding"
"17:30354297|30354479","exon","ENSMUSG00000044477","Zfand3","protein_coding"
"17:31475628|31559986","intron","ENSMUSG00000117899,ENSMUSG00000024036","Gm50218,Slc37a1","lncRNA,protein_coding"
"17:31477089|31559986","intron","ENSMUSG00000024036","Slc37a1","protein_coding"
"17:31831794|31831956","exon","ENSMUSG00000024039","Cbs","protein_coding"
"17:31836362|31839987","exon","ENSMUSG00000024039","Cbs","protein_coding"
"17:32763857|32848130","exon","ENSMUSG00000062464,ENSMUSG00000117392,ENSMUSG00000117366,ENSMUSG00000048440,ENSMUSG00000117479","Cyp4f37,Gm8497,Gm50036,Cyp4f16,Gm50038","protein_coding,processed_pseudogene,unprocessed_pseudogene,protein_coding,unprocessed_pseudogene"
"17:34194471|34215628","exon","ENSMUSG00000092512,ENSMUSG00000067203,ENSMUSG00000061232","Gm4152,H2-K2,H2-K1","processed_pseudogene,transcribed_unprocessed_pseudogene,protein_coding"
"17:34947739|35028315","exon","ENSMUSG00000092543,ENSMUSG00000024365,ENSMUSG00000092202,ENSMUSG00000073418,ENSMUSG00000015451","Skiv2l-ps1,Cyp21a1,Stk19-ps1,C4b,C4a","unprocessed_pseudogene,protein_coding,unprocessed_pseudogene,protein_coding,lncRNA"
"17:34957817|34957975","exon","ENSMUSG00000073418","C4b","protein_coding"
"17:34957817|35036930","exon","ENSMUSG00000092543,ENSMUSG00000024365,ENSMUSG00000092202,ENSMUSG00000073418,ENSMUSG00000015451","Skiv2l-ps1,Cyp21a1,Stk19-ps1,C4b,C4a","unprocessed_pseudogene,protein_coding,unprocessed_pseudogene,protein_coding,lncRNA"
"17:35077023|35078024","exon","ENSMUSG00000092511,ENSMUSG00000090231","Gm20547,Cfb","protein_coding,protein_coding"
"17:35321680|35321906","antisense","ENSMUSG00000007036","Abhd16a","protein_coding"
"17:35482355|35482878","exon","ENSMUSG00000073411","H2-D1","protein_coding"
"17:35484760|35614256","exon","ENSMUSG00000073411,ENSMUSG00000035929,ENSMUSG00000091705,ENSMUSG00000091655,ENSMUSG00000092253,ENSMUSG00000079507,ENSMUSG00000055413","H2-D1,H2-Q4,H2-Q2,Gm8741,H2-Q3,H2-Q1,H2-Q5","protein_coding,protein_coding,protein_coding,processed_pseudogene,unprocessed_pseudogene,protein_coding,polymorphic_pseudogene"
"17:35485163|35564006","exon","ENSMUSG00000073411,ENSMUSG00000091705,ENSMUSG00000091655,ENSMUSG00000079507","H2-D1,H2-Q2,Gm8741,H2-Q1","protein_coding,protein_coding,processed_pseudogene,protein_coding"
"17:35485163|35602109","exon","ENSMUSG00000073411,ENSMUSG00000035929,ENSMUSG00000091705,ENSMUSG00000091655,ENSMUSG00000092253,ENSMUSG00000079507","H2-D1,H2-Q4,H2-Q2,Gm8741,H2-Q3,H2-Q1","protein_coding,protein_coding,protein_coding,processed_pseudogene,unprocessed_pseudogene,protein_coding"
"17:35485664|35602563","intron","ENSMUSG00000073411,ENSMUSG00000035929,ENSMUSG00000091705,ENSMUSG00000091655,ENSMUSG00000092253,ENSMUSG00000079507","H2-D1,H2-Q4,H2-Q2,Gm8741,H2-Q3,H2-Q1","protein_coding,protein_coding,protein_coding,processed_pseudogene,unprocessed_pseudogene,protein_coding"
"17:35485664|35647568","intron","ENSMUSG00000073411,ENSMUSG00000035929,ENSMUSG00000091705,ENSMUSG00000091655,ENSMUSG00000092253,ENSMUSG00000079507,ENSMUSG00000055413,ENSMUSG00000092560,ENSMUSG00000073409","H2-D1,H2-Q4,H2-Q2,Gm8741,H2-Q3,H2-Q1,H2-Q5,Gm8750,H2-Q6","protein_coding,protein_coding,protein_coding,processed_pseudogene,unprocessed_pseudogene,protein_coding,polymorphic_pseudogene,processed_pseudogene,protein_coding"
"17:35517504|35610207","intron","ENSMUSG00000092438,ENSMUSG00000079505","Gm18734,Gm11131","unprocessed_pseudogene,lncRNA"
"17:35616043|35659160","exon","ENSMUSG00000060550,ENSMUSG00000055413,ENSMUSG00000073409,ENSMUSG00000092560","H2-Q7,H2-Q5,H2-Q6,Gm8750","protein_coding,polymorphic_pseudogene,protein_coding,processed_pseudogene"
"17:35781791|35781964","antisense","ENSMUSG00000067235","H2-Q10","protein_coding"
"17:36342530|36377282","exon","ENSMUSG00000067212,ENSMUSG00000056116,ENSMUSG00000079492,ENSMUSG00000091373","H2-T23,H2-T22,Gm11127,Gm8810","protein_coding,protein_coding,protein_coding,unprocessed_pseudogene"
"17:36352341|36377282","exon","ENSMUSG00000056116,ENSMUSG00000079492,ENSMUSG00000091373","H2-T22,Gm11127,Gm8810","protein_coding,protein_coding,unprocessed_pseudogene"
"17:36352341|36421027","exon","ENSMUSG00000092224,ENSMUSG00000056116,ENSMUSG00000079492,ENSMUSG00000092243,ENSMUSG00000073405,ENSMUSG00000091373,ENSMUSG00000073406","Gm8815,H2-T22,Gm11127,Gm7030,H2-T-ps,Gm8810,H2-Bl","unprocessed_pseudogene,protein_coding,protein_coding,protein_coding,unprocessed_pseudogene,unprocessed_pseudogene,polymorphic_pseudogene"
"17:36378535|36432809","intron","ENSMUSG00000092304,ENSMUSG00000092277,ENSMUSG00000092365","Gm20530,Gm19684,BC023719","unprocessed_pseudogene,protein_coding,lncRNA"
"17:40158536|40158740","exon","ENSMUSG00000119584","Rn18s","rRNA"
"17:57352079|57352218","intron","ENSMUSG00000091390","Gm17168","lncRNA"
"17:57516248|57516460","antisense","ENSMUSG00000024164","C3","protein_coding"
"17:57522117|57522876","antisense","ENSMUSG00000024164","C3","protein_coding"
"17:57529265|57529839","exon","ENSMUSG00000024164","C3","protein_coding"
"17:57533216|57533764","exon","ENSMUSG00000024164","C3","protein_coding"
"17:6744416|6907189","intron","ENSMUSG00000116868,ENSMUSG00000116560,ENSMUSG00000093880","Gm29721,Gm2808,Tmem181c-ps","unprocessed_pseudogene,unprocessed_pseudogene,unprocessed_pseudogene"
"17:71537313|71538327","exon","ENSMUSG00000024052","Lpin2","protein_coding"
"17:84139025|84139808","antisense","ENSMUSG00000000673","Haao","protein_coding"
"18:12890665|12896003","exon","ENSMUSG00000044252","Osbpl1a","protein_coding"
"18:31748661|31769152","intron","ENSMUSG00000024260","Sap130","protein_coding"
"18:31752418|31769152","intron","ENSMUSG00000024260","Sap130","protein_coding"
"18:31754081|31769152","intron","ENSMUSG00000024260","Sap130","protein_coding"
"18:31766843|31769152","intron","ENSMUSG00000024260","Sap130","protein_coding"
"18:60520552|60572570","intron","ENSMUSG00000054072,ENSMUSG00000073554","Iigp1,Gm6960","protein_coding,pseudogene"
"18:60521331|60572570","intron","ENSMUSG00000054072,ENSMUSG00000073554","Iigp1,Gm6960","protein_coding,pseudogene"
"19:20595244|20602165","exon","ENSMUSG00000053279","Aldh1a1","protein_coding"
"19:34564461|34585398","exon","ENSMUSG00000074896,ENSMUSG00000062488","Ifit3,Ifit3b","protein_coding,protein_coding"
"19:38105139|38105341","exon","ENSMUSG00000024990","Rbp4","protein_coding"
"19:38106851|38112550","antisense","ENSMUSG00000024990","Rbp4","protein_coding"
"19:38112744|38113003","exon","ENSMUSG00000024990","Rbp4","protein_coding"
"19:39296052|39298275","exon","ENSMUSG00000003053","Cyp2c29","protein_coding"
"19:39604064|39637458","exon","ENSMUSG00000062624","Cyp2c67","protein_coding"
"19:39604064|39673512","intron","ENSMUSG00000062624","Cyp2c67","protein_coding"
"19:39604064|39686557","intron","ENSMUSG00000074882,ENSMUSG00000062624","Cyp2c68,Cyp2c67","protein_coding,protein_coding"
"19:3960898|3961616","exon","ENSMUSG00000059734","Ndufs8","protein_coding"
"19:39627010|39627186","exon","ENSMUSG00000062624","Cyp2c67","protein_coding"
"19:39627010|39700997","exon","ENSMUSG00000074882,ENSMUSG00000062624","Cyp2c68,Cyp2c67","protein_coding,protein_coding"
"19:39627010|39722904","exon","ENSMUSG00000074882,ENSMUSG00000062624","Cyp2c68,Cyp2c67","protein_coding,protein_coding"
"19:39627010|39775344","exon","ENSMUSG00000074882,ENSMUSG00000062624,ENSMUSG00000025004","Cyp2c68,Cyp2c67,Cyp2c40","protein_coding,protein_coding,protein_coding"
"19:39727820|39869686","exon","ENSMUSG00000092008,ENSMUSG00000074882,ENSMUSG00000025004","Cyp2c69,Cyp2c68,Cyp2c40","protein_coding,protein_coding,protein_coding"
"19:39795959|39869686","exon","ENSMUSG00000092008,ENSMUSG00000025004","Cyp2c69,Cyp2c40","protein_coding,protein_coding"
"19:39990265|40085317","intron","ENSMUSG00000054827,ENSMUSG00000042248","Cyp2c50,Cyp2c37","protein_coding,protein_coding"
"19:39990271|40085302","exon","ENSMUSG00000054827,ENSMUSG00000042248","Cyp2c50,Cyp2c37","protein_coding,protein_coding"
"19:8195128|8364168","exon","ENSMUSG00000052562,ENSMUSG00000075044,ENSMUSG00000118345","Slc22a30,Slc22a29,Gm7105","protein_coding,protein_coding,processed_pseudogene"
"1:130778887|130779412","exon","ENSMUSG00000026417","Pigr","protein_coding"
"1:134004761|134004901","exon","ENSMUSG00000020423","Btg2","protein_coding"
"1:139481251|139481433","exon","ENSMUSG00000057037","Cfhr1","protein_coding"
"1:139588580|139702409","exon","ENSMUSG00000070594,ENSMUSG00000090623","Cfhr4,Cfhr3","protein_coding,unprocessed_pseudogene"
"1:139786293|139819430","intron","ENSMUSG00000033898,ENSMUSG00000089991","Cfhr2,Gm16332","protein_coding,unprocessed_pseudogene"
"1:139786293|139858635","exon","ENSMUSG00000033898,ENSMUSG00000104496,ENSMUSG00000089991","Cfhr2,Gm5837,Gm16332","protein_coding,processed_pseudogene,unprocessed_pseudogene"
"1:139946514|140016578","intron","ENSMUSG00000103691,ENSMUSG00000026365","Gm38019,Cfh","processed_pseudogene,protein_coding"
"1:140075393|140075563","exon","ENSMUSG00000026365","Cfh","protein_coding"
"1:140090689|140090874","exon","ENSMUSG00000026365","Cfh","protein_coding"
"1:151235893|151236590","exon","ENSMUSG00000023150","Ivns1abp","protein_coding"
"1:153495546|153495713","exon","ENSMUSG00000099858","Gm6652","processed_pseudogene"
"1:155658271|155659256","exon","ENSMUSG00000033684","Qsox1","protein_coding"
"1:160822888|160823025","exon","ENSMUSG00000026715","Serpinc1","protein_coding"
"1:170079119|170110866","exon","ENSMUSG00000102418,ENSMUSG00000073494","Sh2d1b1,Sh2d1b2","protein_coding,protein_coding"
"1:172722242|172722538","antisense","ENSMUSG00000026542","Apcs","protein_coding"
"1:173587696|173733197","exon","ENSMUSG00000026536,ENSMUSG00000090222,ENSMUSG00000073489,ENSMUSG00000102433,ENSMUSG00000090272,ENSMUSG00000102187","Ifi211,Ifi203-ps,Ifi204,Gm38050,Mndal,Gm7897","protein_coding,unprocessed_pseudogene,protein_coding,unprocessed_pseudogene,protein_coding,unprocessed_pseudogene"
"1:173609802|173754788","intron","ENSMUSG00000026536,ENSMUSG00000090222,ENSMUSG00000039997,ENSMUSG00000102433,ENSMUSG00000090272,ENSMUSG00000102187","Ifi211,Ifi203-ps,Ifi203,Gm38050,Mndal,Gm7897","protein_coding,unprocessed_pseudogene,protein_coding,unprocessed_pseudogene,protein_coding,unprocessed_pseudogene"
"1:173698944|173733197","exon","ENSMUSG00000026536,ENSMUSG00000090272","Ifi211,Mndal","protein_coding,protein_coding"
"1:173701917|173762743","exon","ENSMUSG00000026536,ENSMUSG00000090272,ENSMUSG00000039997","Ifi211,Mndal,Ifi203","protein_coding,protein_coding,protein_coding"
"1:173707491|173765592","exon","ENSMUSG00000026536,ENSMUSG00000090272,ENSMUSG00000039997","Ifi211,Mndal,Ifi203","protein_coding,protein_coding,protein_coding"
"1:173733698|173854252","exon","ENSMUSG00000026536,ENSMUSG00000103588,ENSMUSG00000054203,ENSMUSG00000039997,ENSMUSG00000026535","Ifi211,Gm18445,Ifi205,Ifi203,Ifi202b","protein_coding,unprocessed_pseudogene,protein_coding,protein_coding,protein_coding"
"1:173740380|173805000","exon","ENSMUSG00000026536,ENSMUSG00000039997,ENSMUSG00000026535","Ifi211,Ifi203,Ifi202b","protein_coding,protein_coding,protein_coding"
"1:173740380|173805003","exon","ENSMUSG00000026536,ENSMUSG00000039997,ENSMUSG00000026535","Ifi211,Ifi203,Ifi202b","protein_coding,protein_coding,protein_coding"
"1:173740380|173810307","exon","ENSMUSG00000026536,ENSMUSG00000039997,ENSMUSG00000026535","Ifi211,Ifi203,Ifi202b","protein_coding,protein_coding,protein_coding"
"1:180829364|180845042","exon","ENSMUSG00000038776","Ephx1","protein_coding"
"1:191758486|191758671","exon","ENSMUSG00000103653,ENSMUSG00000026637","Gstp-ps,Traf5","processed_pseudogene,protein_coding"
"1:21335091|21335225","intron","ENSMUSG00000099343","Gm28836","lncRNA"
"1:67244327|67251634","antisense","ENSMUSG00000025991","Cps1","protein_coding"
"1:67254673|67257085","exon","ENSMUSG00000025991","Cps1","protein_coding"
"1:67254707|67259760","exon","ENSMUSG00000025991","Cps1","protein_coding"
"1:72888327|72888863","exon","ENSMUSG00000039323","Igfbp2","protein_coding"
"1:74637873|74638299","exon","ENSMUSG00000026171","Rnf25","protein_coding"
"1:84014309|84014444","exon","ENSMUSG00000045658","Pid1","protein_coding"
"1:85423964|85542992","intron","ENSMUSG00000118607,ENSMUSG00000070031,ENSMUSG00000090103,ENSMUSG00000118632,ENSMUSG00000101751,ENSMUSG00000094127","Gm7592,Sp140,Gm16094,AC147806.1,Gm2427,G530012D18Rik","protein_coding,protein_coding,lncRNA,unprocessed_pseudogene,unprocessed_pseudogene,protein_coding"
"1:86009763|86010973","antisense","ENSMUSG00000026229","Psmd1","protein_coding"
"1:88146161|88146325","exon","ENSMUSG00000054545,ENSMUSG00000090124,ENSMUSG00000089943,ENSMUSG00000089960,ENSMUSG00000090145,ENSMUSG00000089675,ENSMUSG00000090175,ENSMUSG00000090165,ENSMUSG00000090171","Ugt1a6a,Ugt1a7c,Ugt1a5,Ugt1a1,Ugt1a6b,Ugt1a8,Ugt1a9,Ugt1a10,Ugt1a2","protein_coding,protein_coding,protein_coding,protein_coding,protein_coding,protein_coding,protein_coding,protein_coding,protein_coding"
"2:10121460|10122257","exon","ENSMUSG00000037254","Itih2","protein_coding"
"2:103303397|103304765","exon","ENSMUSG00000027187","Cat","protein_coding"
"2:122272040|122316571","exon","ENSMUSG00000079071,ENSMUSG00000027219","Slc28a2b,Slc28a2","protein_coding,protein_coding"
"2:122272043|122316571","exon","ENSMUSG00000079071,ENSMUSG00000027219","Slc28a2b,Slc28a2","protein_coding,protein_coding"
"2:134364905|134372717","exon","ENSMUSG00000027261","Hao1","protein_coding"
"2:143789649|143789820","antisense","ENSMUSG00000027422","Rrbp1","protein_coding"
"2:143827997|143830109","antisense","ENSMUSG00000027422","Rrbp1","protein_coding"
"2:157966063|157966272","intron","ENSMUSG00000027651","Rprd1b","protein_coding"
"2:174266459|174267765","exon","ENSMUSG00000016253","Nelfcd","protein_coding"
"2:181282410|181287385","exon","ENSMUSG00000002455","Prpf6","protein_coding"
"2:27410882|27423038","exon","ENSMUSG00000026917","Wdr5","protein_coding"
"2:34665078|34665245","exon","ENSMUSG00000026864","Hspa5","protein_coding"
"2:35206018|35211698","exon","ENSMUSG00000026880","Stom","protein_coding"
"2:3779492|3780591","exon","ENSMUSG00000026655","Fam107b","protein_coding"
"2:4932176|4932329","exon","ENSMUSG00000026664","Phyh","protein_coding"
"2:84520683|84520823","antisense","ENSMUSG00000034075","Zdhhc5","protein_coding"
"2:84603485|84603744","exon","ENSMUSG00000023224","Serping1","protein_coding"
"2:91456047|91459641","exon","ENSMUSG00000027249","F2","protein_coding"
"2:91461041|91463609","antisense","ENSMUSG00000027249","F2","protein_coding"
"3:107919588|107919739","exon","ENSMUSG00000058135","Gstm1","protein_coding"
"3:107949452|107949735","exon","ENSMUSG00000027890","Gstm4","protein_coding"
"3:14928615|14931981","exon","ENSMUSG00000027559","Car3","protein_coding"
"3:151197914|151203613","exon","ENSMUSG00000039167","Adgrl4","protein_coding"
"3:151203464|151203613","exon","ENSMUSG00000039167","Adgrl4","protein_coding"
"3:20042195|20043295","antisense","ENSMUSG00000003617","Cp","protein_coding"
"3:58432513|58432928","exon","ENSMUSG00000027808","Serp1","protein_coding"
"3:82915955|82917428","exon","ENSMUSG00000033860","Fgg","protein_coding"
"3:82917408|82917896","exon","ENSMUSG00000033860","Fgg","protein_coding"
"3:82920285|82921614","exon","ENSMUSG00000033860","Fgg","protein_coding"
"3:82937581|82938247","exon","ENSMUSG00000028001","Fga","protein_coding"
"3:82938817|82939055","antisense","ENSMUSG00000028001","Fga","protein_coding"
"3:82950730|82951612","exon","ENSMUSG00000033831","Fgb","protein_coding"
"3:82951084|82951612","exon","ENSMUSG00000033831","Fgb","protein_coding"
"3:82954101|82957110","antisense","ENSMUSG00000033831","Fgb","protein_coding"
"3:87273302|87274990","exon","ENSMUSG00000015854","Cd5l","protein_coding"
"3:94542716|94629281","exon","ENSMUSG00000085006,ENSMUSG00000081355,ENSMUSG00000005968","BC021767,Gm15264,Tuft1","transcribed_unprocessed_pseudogene,unprocessed_pseudogene,protein_coding"
"3:94546232|94630211","exon","ENSMUSG00000085006,ENSMUSG00000081355,ENSMUSG00000005968","BC021767,Gm15264,Tuft1","transcribed_unprocessed_pseudogene,unprocessed_pseudogene,protein_coding"
"4:107962241|107969450","exon","ENSMUSG00000028603","Scp2","protein_coding"
"4:115381445|115463969","exon","ENSMUSG00000066072,ENSMUSG00000028712,ENSMUSG00000063929","Cyp4a10,Cyp4a31,Cyp4a32","protein_coding,protein_coding,protein_coding"
"4:135682898|135686088","exon","ENSMUSG00000028672","Hmgcl","protein_coding"
"4:139007393|139007895","exon","ENSMUSG00000028745","Capzb","protein_coding"
"4:141416581|141419622","exon","ENSMUSG00000078515","Ddi2","protein_coding"
"4:156261680|156261898","exon","ENSMUSG00000041936","Agrn","protein_coding"
"4:40807251|40807786","exon","ENSMUSG00000028413","B4galt1","protein_coding"
"4:40977086|40977342","exon","ENSMUSG00000028423","Nfx1","protein_coding"
"4:46469889|46471467","exon","ENSMUSG00000028333","Anp32b","protein_coding"
"4:49536800|49538282","antisense","ENSMUSG00000028307","Aldob","protein_coding"
"4:49543672|49543836","exon","ENSMUSG00000028307","Aldob","protein_coding"
"4:53036873|53038252","exon","ENSMUSG00000015243","Abca1","protein_coding"
"4:60140650|60222035","exon","ENSMUSG00000078687,ENSMUSG00000078688","Mup8,Mup2","protein_coding,protein_coding"
"4:61947528|62001964","intron","ENSMUSG00000066154,ENSMUSG00000078672,ENSMUSG00000083524","Mup3,Mup20,Mup-ps21","protein_coding,protein_coding,unprocessed_pseudogene"
"4:61969509|62001964","exon","ENSMUSG00000066154,ENSMUSG00000078672","Mup3,Mup20","protein_coding,protein_coding"
"4:62002754|62003038","exon","ENSMUSG00000066154","Mup3","protein_coding"
"4:62003441|62066480","exon","ENSMUSG00000066154,ENSMUSG00000066153","Mup3,Mup21","protein_coding,protein_coding"
"4:62005361|62068565","exon","ENSMUSG00000066154,ENSMUSG00000066153","Mup3,Mup21","protein_coding,protein_coding"
"4:63066960|63069762","exon","ENSMUSG00000028356","Ambp","protein_coding"
"4:63067656|63070864","exon","ENSMUSG00000028356","Ambp","protein_coding"
"4:63264519|63282262","exon","ENSMUSG00000082141,ENSMUSG00000028359,ENSMUSG00000039196,ENSMUSG00000061540","Gm11212,Orm3,Orm1,Orm2","unprocessed_pseudogene,protein_coding,protein_coding,protein_coding"
"4:63266207|63276129","exon","ENSMUSG00000082141,ENSMUSG00000028359,ENSMUSG00000039196","Gm11212,Orm3,Orm1","unprocessed_pseudogene,protein_coding,protein_coding"
"4:96529509|96529685","exon","ENSMUSG00000052520","Cyp2j5","protein_coding"
"4:98921551|98925725","intron","ENSMUSG00000028556","Dock7","protein_coding"
"5:105228996|105305918","intron","ENSMUSG00000079363,ENSMUSG00000034438,ENSMUSG00000029298","Gbp4,Gbp8,Gbp9","protein_coding,protein_coding,protein_coding"
"5:105251635|105273616","exon","ENSMUSG00000079363,ENSMUSG00000034438,ENSMUSG00000029298","Gbp4,Gbp8,Gbp9","protein_coding,protein_coding,protein_coding"
"5:105372520|105428137","exon","ENSMUSG00000079362,ENSMUSG00000104713,ENSMUSG00000105096","Gm43302,Gbp6,Gbp10","protein_coding,protein_coding,protein_coding"
"5:105441492|105491819","exon","ENSMUSG00000079362,ENSMUSG00000104713,ENSMUSG00000092021","Gm43302,Gbp6,Gbp11","protein_coding,protein_coding,polymorphic_pseudogene"
"5:110071336|110144076","intron","ENSMUSG00000097863","1010001B22Rik","lncRNA"
"5:113986588|113988848","exon","ENSMUSG00000004530","Coro1c","protein_coding"
"5:120600911|120601264","exon","ENSMUSG00000029596","Sdsl","protein_coding"
"5:121708717|121710148","antisense","ENSMUSG00000029455","Aldh2","protein_coding"
"5:121711550|121714034","antisense","ENSMUSG00000029455","Aldh2","protein_coding"
"5:121933001|121949675","exon","ENSMUSG00000042605","Atxn2","protein_coding"
"5:122639716|122639889","exon","ENSMUSG00000029467","Atp2a2","protein_coding"
"5:123312441|123314025","exon","ENSMUSG00000029445","Hpd","protein_coding"
"5:123318737|123319515","exon","ENSMUSG00000029445","Hpd","protein_coding"
"5:125580247|125583360","exon","ENSMUSG00000029482","Aacs","protein_coding"
"5:134290697|134308338","exon","ENSMUSG00000107000,ENSMUSG00000060261","Gm43481,Gtf2i","TEC,protein_coding"
"5:135151659|135152010","intron","ENSMUSG00000005373","Mlxipl","protein_coding"
"5:137090816|137091039","exon","ENSMUSG00000037411","Serpine1","protein_coding"
"5:137100023|137101099","exon","ENSMUSG00000037411","Serpine1","protein_coding"
"5:137985880|137987910","exon","ENSMUSG00000037053","Azgp1","protein_coding"
"5:142890305|142890523","antisense","ENSMUSG00000029580","Actb","protein_coding"
"5:145636536|145795693","exon","ENSMUSG00000056035,ENSMUSG00000075551,ENSMUSG00000054417","Cyp3a11,Cyp3a41a,Cyp3a44","protein_coding,protein_coding,protein_coding"
"5:145645855|145805854","exon","ENSMUSG00000056035,ENSMUSG00000075551,ENSMUSG00000054417","Cyp3a11,Cyp3a41a,Cyp3a44","protein_coding,protein_coding,protein_coding"
"5:145652280|145810341","exon","ENSMUSG00000056035,ENSMUSG00000075551,ENSMUSG00000054417","Cyp3a11,Cyp3a41a,Cyp3a44","protein_coding,protein_coding,protein_coding"
"5:145716333|145795693","exon","ENSMUSG00000056035,ENSMUSG00000054417","Cyp3a11,Cyp3a44","protein_coding,protein_coding"
"5:145727460|145799317","exon","ENSMUSG00000056035,ENSMUSG00000054417","Cyp3a11,Cyp3a44","protein_coding,protein_coding"
"5:145731713|145805854","exon","ENSMUSG00000056035,ENSMUSG00000054417","Cyp3a11,Cyp3a44","protein_coding,protein_coding"
"5:145799157|145812284","exon","ENSMUSG00000056035","Cyp3a11","protein_coding"
"5:145914453|145918356","exon","ENSMUSG00000029630","Cyp3a25","protein_coding"
"5:22090493|22115111","exon","ENSMUSG00000042453","Reln","protein_coding"
"5:87072407|87237408","exon","ENSMUSG00000070704,ENSMUSG00000035836,ENSMUSG00000075983,ENSMUSG00000104798,ENSMUSG00000106003","Ugt2b36,Ugt2b1,Gm24121,Gm20121,Gm42465","protein_coding,protein_coding,snRNA,processed_pseudogene,unprocessed_pseudogene"
"5:87159833|87160043","exon","ENSMUSG00000035811","Ugt2b35","protein_coding"
"5:87285063|87398561","exon","ENSMUSG00000054630,ENSMUSG00000106330,ENSMUSG00000105240,ENSMUSG00000106111,ENSMUSG00000057425","Ugt2b5,Gm43369,Gm19418,Gm5717,Ugt2b37","protein_coding,processed_pseudogene,unprocessed_pseudogene,unprocessed_pseudogene,protein_coding"
"5:87398430|87560307","exon","ENSMUSG00000106397,ENSMUSG00000106303,ENSMUSG00000061906,ENSMUSG00000057425,ENSMUSG00000106132,ENSMUSG00000104664,ENSMUSG00000035780,ENSMUSG00000105897","Gm21049,Gm7652,Ugt2b38,Ugt2b37,Gm43370,Idi1-ps2,Ugt2a3,Gm7646","unprocessed_pseudogene,unprocessed_pseudogene,protein_coding,protein_coding,unprocessed_pseudogene,processed_pseudogene,protein_coding,unprocessed_pseudogene"
"5:88785078|88785218","exon","ENSMUSG00000029291","Rufy3","protein_coding"
"5:89583378|89586127","exon","ENSMUSG00000035540","Gc","protein_coding"
"5:89591358|89593240","exon","ENSMUSG00000035540","Gc","protein_coding"
"5:89593241|89594428","exon","ENSMUSG00000035540","Gc","protein_coding"
"5:8991044|8996119","exon","ENSMUSG00000042476","Abcb4","protein_coding"
"5:90611848|90612042","antisense","ENSMUSG00000029368","Alb","protein_coding"
"5:90611882|90612018","antisense","ENSMUSG00000029368","Alb","protein_coding"
"5:90612008|90612844","exon","ENSMUSG00000029368","Alb","protein_coding"
"5:90612712|90613793","exon","ENSMUSG00000029368","Alb","protein_coding"
"5:90612815|90615281","exon","ENSMUSG00000029368","Alb","protein_coding"
"5:90615203|90620543","exon","ENSMUSG00000029368","Alb","protein_coding"
"5:90616370|90617389","antisense","ENSMUSG00000029368","Alb","protein_coding"
"5:90616445|90619915","exon","ENSMUSG00000029368","Alb","protein_coding"
"5:90616445|90620406","exon","ENSMUSG00000029368","Alb","protein_coding"
"5:90616505|90617442","antisense","ENSMUSG00000029368","Alb","protein_coding"
"5:90616505|90619933","antisense","ENSMUSG00000029368","Alb","protein_coding"
"5:90618650|90619933","antisense","ENSMUSG00000029368","Alb","protein_coding"
"5:90619898|90620406","exon","ENSMUSG00000029368","Alb","protein_coding"
"5:90620479|90622558","exon","ENSMUSG00000029368","Alb","protein_coding"
"5:90620481|90623159","antisense","ENSMUSG00000029368","Alb","protein_coding"
"5:90623137|90624419","antisense","ENSMUSG00000029368","Alb","protein_coding"
"5:92753191|92753426","exon","ENSMUSG00000047963","Stbd1","protein_coding"
"6:116628750|116628899","intron","ENSMUSG00000042129","Rassf4","protein_coding"
"6:119347111|119347369","exon","ENSMUSG00000030168","Adipor2","protein_coding"
"6:121757909|121857559","exon","ENSMUSG00000108022,ENSMUSG00000059908","Gm7298,Mug1","protein_coding,protein_coding"
"6:121818231|121986400","exon","ENSMUSG00000059908,ENSMUSG00000108083,ENSMUSG00000030131","Mug1,Mug4-ps,Mug2","protein_coding,unprocessed_pseudogene,protein_coding"
"6:121840680|122024457","exon","ENSMUSG00000059908,ENSMUSG00000108083,ENSMUSG00000030131","Mug1,Mug4-ps,Mug2","protein_coding,unprocessed_pseudogene,protein_coding"
"6:121863504|121930420","exon","ENSMUSG00000059908,ENSMUSG00000108083","Mug1,Mug4-ps","protein_coding,unprocessed_pseudogene"
"6:122048711|122211643","exon","ENSMUSG00000071204,ENSMUSG00000030131,ENSMUSG00000101397","Gm10319,Mug2,Mug-ps1","transcribed_unprocessed_pseudogene,protein_coding,transcribed_unprocessed_pseudogene"
"6:122049088|122212515","exon","ENSMUSG00000071204,ENSMUSG00000030131,ENSMUSG00000101397","Gm10319,Mug2,Mug-ps1","transcribed_unprocessed_pseudogene,protein_coding,transcribed_unprocessed_pseudogene"
"6:124891371|124891667","exon","ENSMUSG00000030122","Ptms","protein_coding"
"6:124891371|124891922","exon","ENSMUSG00000030122","Ptms","protein_coding"
"6:128463081|128464453","exon","ENSMUSG00000030359","Pzp","protein_coding"
"6:128463856|128464453","exon","ENSMUSG00000030359","Pzp","protein_coding"
"6:128466982|128468172","exon","ENSMUSG00000030359","Pzp","protein_coding"
"6:128469120|128471787","exon","ENSMUSG00000030359","Pzp","protein_coding"
"6:128760627|128792281","exon","ENSMUSG00000030325,ENSMUSG00000107872,ENSMUSG00000079298","Klrb1c,Gm44511,Klrb1b","protein_coding,protein_coding,protein_coding"
"6:128761068|128792281","exon","ENSMUSG00000030325,ENSMUSG00000107872,ENSMUSG00000079298","Klrb1c,Gm44511,Klrb1b","protein_coding,protein_coding,protein_coding"
"6:129515578|129518156","antisense","ENSMUSG00000030161,ENSMUSG00000107997","Gabarapl1,Gm44243","protein_coding,TEC"
"6:129635629|129652363","exon","ENSMUSG00000052736,ENSMUSG00000030167","Klrc2,Klrc1","protein_coding,protein_coding"
"6:138124706|138127860","exon","ENSMUSG00000008540","Mgst1","protein_coding"
"6:141580115|141594260","exon","ENSMUSG00000030236","Slco1b2","protein_coding"
"6:29361559|29361752","exon","ENSMUSG00000029767","Calu","protein_coding"
"6:40662211|40688205","exon","ENSMUSG00000068587","Mgam","protein_coding"
"6:40691909|40727200","exon","ENSMUSG00000068587","Mgam","protein_coding"
"6:40701505|40727915","exon","ENSMUSG00000068587","Mgam","protein_coding"
"6:52596962|52607334","exon","ENSMUSG00000029776","Hibadh","protein_coding"
"6:55147700|55147997","exon","ENSMUSG00000003477","Inmt","protein_coding"
"6:68098499|68247556","exon","ENSMUSG00000105363,ENSMUSG00000094335,ENSMUSG00000105007,ENSMUSG00000095771,ENSMUSG00000106630,ENSMUSG00000076518,ENSMUSG00000093861,ENSMUSG00000105463,ENSMUSG00000091800","Igkv11-114,Igkv1-117,Gm43170,Igkv14-111,Igkv2-116,Igkv2-112,Igkv1-110,Igkv2-113,Igkv1-115","IG_V_pseudogene,IG_V_gene,processed_pseudogene,IG_V_gene,IG_V_pseudogene,IG_V_gene,IG_V_gene,IG_V_pseudogene,IG_V_pseudogene"
"6:71176865|71178764","exon","ENSMUSG00000054422","Fabp1","protein_coding"
"6:85422811|85422951","exon","ENSMUSG00000033706","Smyd5","protein_coding"
"6:87000110|87002642","exon","ENSMUSG00000029993","Nfu1","protein_coding"
"6:87880467|87881158","exon","ENSMUSG00000030058","Copg1","protein_coding"
"6:90546797|90566412","exon","ENSMUSG00000030088","Aldh1l1","protein_coding"
"7:103914170|103984881","intron","ENSMUSG00000090215,ENSMUSG00000087175","Trim34b,Gm15133","protein_coding,lncRNA"
"7:103914170|103988186","intron","ENSMUSG00000090215,ENSMUSG00000087175","Trim34b,Gm15133","protein_coding,lncRNA"
"7:103928520|103995951","exon","ENSMUSG00000118884,ENSMUSG00000066258,ENSMUSG00000057143,ENSMUSG00000060441","AC142110.1,Trim12a,Trim12c,Trim5","snoRNA,protein_coding,protein_coding,protein_coding"
"7:105241093|105244406","exon","ENSMUSG00000030895","Hpx","protein_coding"
"7:105241408|105244394","antisense","ENSMUSG00000030895","Hpx","protein_coding"
"7:105244299|105244724","exon","ENSMUSG00000030895","Hpx","protein_coding"
"7:105244725|105245498","exon","ENSMUSG00000030895","Hpx","protein_coding"
"7:105244725|105249067","exon","ENSMUSG00000030895","Hpx","protein_coding"
"7:105245507|105248533","exon","ENSMUSG00000030895","Hpx","protein_coding"
"7:105245520|105248533","exon","ENSMUSG00000030895","Hpx","protein_coding"
"7:111700968|111701120","exon","ENSMUSG00000059263","Usp47","protein_coding"
"7:119258346|119259906","exon","ENSMUSG00000033533","Acsm1","protein_coding"
"7:126974561|126991687","exon","ENSMUSG00000030823,ENSMUSG00000054381,ENSMUSG00000078580","9130019O22Rik,Zfp747,E430018J23Rik","protein_coding,protein_coding,protein_coding"
"7:140353051|140354644","antisense","ENSMUSG00000025479","Cyp2e1","protein_coding"
"7:140353066|140354496","antisense","ENSMUSG00000025479","Cyp2e1","protein_coding"
"7:14150143|14157410","exon","ENSMUSG00000030378","Sult2a8","protein_coding"
"7:144006285|144008523","exon","ENSMUSG00000031078","Cttn","protein_coding"
"7:16010127|16010478","exon","ENSMUSG00000041375","Ccdc9","protein_coding"
"7:19430263|19430499","exon","ENSMUSG00000002985","Apoe","protein_coding"
"7:19430263|19430935","exon","ENSMUSG00000002985","Apoe","protein_coding"
"7:19430326|19430538","exon","ENSMUSG00000002985","Apoe","protein_coding"
"7:19430497|19430652","exon","ENSMUSG00000002985","Apoe","protein_coding"
"7:19430518|19430946","exon","ENSMUSG00000002985","Apoe","protein_coding"
"7:19430551|19430922","exon","ENSMUSG00000002985","Apoe","protein_coding"
"7:19430688|19430847","exon","ENSMUSG00000002985","Apoe","protein_coding"
"7:19430731|19430922","exon","ENSMUSG00000002985","Apoe","protein_coding"
"7:19430923|19431546","exon","ENSMUSG00000002985","Apoe","protein_coding"
"7:3720551|3898374","exon","ENSMUSG00000058818,ENSMUSG00000080917,ENSMUSG00000074417,ENSMUSG00000089942,ENSMUSG00000074420,ENSMUSG00000081665,ENSMUSG00000074418,ENSMUSG00000074419","Pirb,Gm15925,Gm14548,Pira2,Gm10693,Gm15922,Gm15930,Gm15448","protein_coding,unprocessed_pseudogene,protein_coding,protein_coding,transcribed_unprocessed_pseudogene,polymorphic_pseudogene,unprocessed_pseudogene,protein_coding"
"7:3723102|3742455","exon","ENSMUSG00000058818,ENSMUSG00000081665","Pirb,Gm15922","protein_coding,polymorphic_pseudogene"
"7:3723102|3918072","exon","ENSMUSG00000058818,ENSMUSG00000030427,ENSMUSG00000080917,ENSMUSG00000074417,ENSMUSG00000089942,ENSMUSG00000074420,ENSMUSG00000081665,ENSMUSG00000074418,ENSMUSG00000074419","Pirb,Lilra6,Gm15925,Gm14548,Pira2,Gm10693,Gm15922,Gm15930,Gm15448","protein_coding,protein_coding,unprocessed_pseudogene,protein_coding,protein_coding,transcribed_unprocessed_pseudogene,polymorphic_pseudogene,unprocessed_pseudogene,protein_coding"
"7:3742637|3918072","exon","ENSMUSG00000030427,ENSMUSG00000080917,ENSMUSG00000074417,ENSMUSG00000089942,ENSMUSG00000074419,ENSMUSG00000081665,ENSMUSG00000074418,ENSMUSG00000074420","Lilra6,Gm15925,Gm14548,Pira2,Gm15448,Gm15922,Gm15930,Gm10693","protein_coding,unprocessed_pseudogene,protein_coding,protein_coding,protein_coding,polymorphic_pseudogene,unprocessed_pseudogene,transcribed_unprocessed_pseudogene"
"7:3766803|3918072","exon","ENSMUSG00000030427,ENSMUSG00000080917,ENSMUSG00000074417,ENSMUSG00000089942,ENSMUSG00000074419,ENSMUSG00000074418,ENSMUSG00000074420","Lilra6,Gm15925,Gm14548,Pira2,Gm15448,Gm15930,Gm10693","protein_coding,unprocessed_pseudogene,protein_coding,protein_coding,protein_coding,unprocessed_pseudogene,transcribed_unprocessed_pseudogene"
"7:3802770|3918072","intron","ENSMUSG00000030427,ENSMUSG00000074417,ENSMUSG00000074420,ENSMUSG00000089942,ENSMUSG00000074419","Lilra6,Gm14548,Gm10693,Pira2,Gm15448","protein_coding,protein_coding,transcribed_unprocessed_pseudogene,protein_coding,protein_coding"
"7:3828327|3918072","intron","ENSMUSG00000030427,ENSMUSG00000074417,ENSMUSG00000074420,ENSMUSG00000089942,ENSMUSG00000074419","Lilra6,Gm14548,Gm10693,Pira2,Gm15448","protein_coding,protein_coding,transcribed_unprocessed_pseudogene,protein_coding,protein_coding"
"7:3900860|3918072","exon","ENSMUSG00000030427,ENSMUSG00000074417","Lilra6,Gm14548","protein_coding,protein_coding"
"7:45144979|45148223","exon","ENSMUSG00000030824","Nucb1","protein_coding"
"7:46390062|46390792","antisense","ENSMUSG00000074115","Saa1","protein_coding"
"7:65733207|65736784","exon","ENSMUSG00000075701","Selenos","protein_coding"
"7:98807461|98813912","exon","ENSMUSG00000030747","Dgat2","protein_coding"
"8:105776815|105811781","exon","ENSMUSG00000062181,ENSMUSG00000069922","Ces3b,Ces3a","protein_coding,protein_coding"
"8:105778364|105813343","exon","ENSMUSG00000062181,ENSMUSG00000069922","Ces3b,Ces3a","protein_coding,protein_coding"
"8:110719238|110720591","exon","ENSMUSG00000001670","Tat","protein_coding"
"8:111703061|111734943","exon","ENSMUSG00000015023,ENSMUSG00000033658","Ddx19a,Ddx19b","protein_coding,protein_coding"
"8:112566990|112568573","exon","ENSMUSG00000031954","Cfdp1","protein_coding"
"8:11273050|11282030","exon","ENSMUSG00000031502","Col4a1","protein_coding"
"8:118461233|118461445","exon","ENSMUSG00000031844","Hsd17b2","protein_coding"
"8:125291003|125291158","exon","ENSMUSG00000031980","Agt","protein_coding"
"8:75823715|75823915","exon","ENSMUSG00000005413","Hmox1","protein_coding"
"8:85569220|85570790","antisense","ENSMUSG00000003814","Calr","protein_coding"
"8:93786931|93827354","exon","ENSMUSG00000078964,ENSMUSG00000057400","Ces1b,Ces1c","protein_coding,protein_coding"
"8:93786931|93896421","exon","ENSMUSG00000078964,ENSMUSG00000110714,ENSMUSG00000056973,ENSMUSG00000057400","Ces1b,Gm45910,Ces1d,Ces1c","protein_coding,unprocessed_pseudogene,protein_coding,protein_coding"
"8:93798495|93847000","exon","ENSMUSG00000078964,ENSMUSG00000057400","Ces1b,Ces1c","protein_coding,protein_coding"
"8:93830747|93896421","exon","ENSMUSG00000056973,ENSMUSG00000110714,ENSMUSG00000057400","Ces1d,Gm45910,Ces1c","protein_coding,unprocessed_pseudogene,protein_coding"
"8:93837354|93868098","intron","ENSMUSG00000110714,ENSMUSG00000057400","Gm45910,Ces1c","unprocessed_pseudogene,protein_coding"
"8:93849728|93872375","intron","ENSMUSG00000110714,ENSMUSG00000057400","Gm45910,Ces1c","unprocessed_pseudogene,protein_coding"
"8:93857323|93879020","intron","ENSMUSG00000110714,ENSMUSG00000057400","Gm45910,Ces1c","unprocessed_pseudogene,protein_coding"
"8:93880492|94000885","intron","ENSMUSG00000031725,ENSMUSG00000110714,ENSMUSG00000056973,ENSMUSG00000110659,ENSMUSG00000061959,ENSMUSG00000110496","Ces1f,Gm45910,Ces1d,Gm45727,Ces1e,Gm45909","protein_coding,unprocessed_pseudogene,protein_coding,unprocessed_pseudogene,protein_coding,TEC"
"8:95558401|95559197","exon","ENSMUSG00000031781","Ciapin1","protein_coding"
"9:103087760|103089091","antisense","ENSMUSG00000032554","Trf","protein_coding"
"9:103089118|103093083","antisense","ENSMUSG00000032554","Trf","protein_coding"
"9:103092392|103093101","exon","ENSMUSG00000032554","Trf","protein_coding"
"9:103092392|103094654","exon","ENSMUSG00000032554","Trf","protein_coding"
"9:103092408|103094671","antisense","ENSMUSG00000032554","Trf","protein_coding"
"9:103100245|103100838","exon","ENSMUSG00000032554","Trf","protein_coding"
"9:108208070|108212380","exon","ENSMUSG00000007815,ENSMUSG00000102554","Rhoa,Gm37568","protein_coding,processed_pseudogene"
"9:108217025|108217374","antisense","ENSMUSG00000063856","Gpx1","protein_coding"
"9:108940903|108941160","antisense","ENSMUSG00000053646","Plxnb1","protein_coding"
"9:110210197|110210401","antisense","ENSMUSG00000032485","Scap","protein_coding"
"9:123136391|123136707","intron","ENSMUSG00000111371","Gm47162","lncRNA"
"9:46140444|46141262","exon","ENSMUSG00000032083","Apoa1","protein_coding"
"9:46140476|46141262","exon","ENSMUSG00000032083","Apoa1","protein_coding"
"9:46141197|46141598","antisense","ENSMUSG00000032083","Apoa1","protein_coding"
"9:46153725|46153922","intron","ENSMUSG00000074373","Gm10680","lncRNA"
"9:46182234|46182457","exon","ENSMUSG00000032079","Apoa5","protein_coding"
"9:77884152|77887195","antisense","ENSMUSG00000032349","Elovl5","protein_coding"
"9:78149735|78211785","exon","ENSMUSG00000074179,ENSMUSG00000110919,ENSMUSG00000111423,ENSMUSG00000074183,ENSMUSG00000111709","Gsta5,Dppa5b,Dppa5c,Gsta1,Gm3776","protein_coding,unprocessed_pseudogene,unprocessed_pseudogene,protein_coding,protein_coding"
"MT:13166|13370","antisense","ENSMUSG00000064367","mt-Nd5","protein_coding"
"MT:13371|13514","antisense","ENSMUSG00000064367","mt-Nd5","protein_coding"
"MT:13917|14141","intron","ENSMUSG00000064369,ENSMUSG00000064368","mt-Te,mt-Nd6","Mt_tRNA,protein_coding"
"MT:14589|14741","antisense","ENSMUSG00000064370","mt-Cytb","protein_coding"
"MT:14917|15070","antisense","ENSMUSG00000064370","mt-Cytb","protein_coding"
"MT:2992|12710","intron","ENSMUSG00000064350,ENSMUSG00000064352,ENSMUSG00000064349,ENSMUSG00000064348,ENSMUSG00000064347,ENSMUSG00000064343","mt-Ty,mt-Ts1,mt-Tc,mt-Tn,mt-Ta,mt-Tq","Mt_tRNA,Mt_tRNA,Mt_tRNA,Mt_tRNA,Mt_tRNA,Mt_tRNA"
"MT:4834|13259","intron","ENSMUSG00000064349,ENSMUSG00000064350,ENSMUSG00000064352,ENSMUSG00000064348,ENSMUSG00000064347","mt-Tc,mt-Ty,mt-Ts1,mt-Tn,mt-Ta","Mt_tRNA,Mt_tRNA,Mt_tRNA,Mt_tRNA,Mt_tRNA"
"MT:5760|5954","antisense","ENSMUSG00000064351","mt-Co1","protein_coding"
"MT:5760|5969","antisense","ENSMUSG00000064351","mt-Co1","protein_coding"
"MU069435.1:3592|30804","Unknown","NA","NA","NA"
"MU069435.1:3592|30918","Unknown","NA","NA","NA"
"X:103366940|103386186","exon","ENSMUSG00000031333","Abcb7","protein_coding"
"X:105059358|105070985","exon","ENSMUSG00000031231,ENSMUSG00000033792","Cox7b,Atp7a","protein_coding,protein_coding"
"X:20418714|20423851","exon","ENSMUSG00000023070","Rgn","protein_coding"
"X:37513144|37531017","exon","ENSMUSG00000016534","Lamp2","protein_coding"
"X:37514240|37519867","exon","ENSMUSG00000016534","Lamp2","protein_coding"
"X:49692248|49704392","intron","ENSMUSG00000085396","Firre","lncRNA"
"X:74834891|74837258","exon","ENSMUSG00000016382","Pls3","protein_coding"
"Y:90750411|90804686","intron","ENSMUSG00000095134,ENSMUSG00000096768","Mid1-ps1,Gm47283","unprocessed_pseudogene,lncRNA"
"Y:90750411|90804949","intron","ENSMUSG00000095134,ENSMUSG00000096768","Mid1-ps1,Gm47283","unprocessed_pseudogene,lncRNA"
